{
    "now": "2025-07-27T19:26:27.606Z",
    "perfNow": 29963902.000000007,
    "diagnosticCorrelation": "ef0b8262-15ce-4419-8bdc-2f4c75470d4b",
    "source": "DownloadSupportFiles",
    "environment": {
        "productName": "adf",
        "buildVersion": "1.0.071425.1",
        "environmentType": 3,
        "resourceName": "shahrukhdevadf",
        "resourceRegion": "eastus",
        "resourceGroup": "RESOURCE-DEV",
        "subscriptionId": "1d51f40a-0f1b-4b0f-b249-82b4c62724a0",
        "sessionId": "lhI/4sTp9VsXfcGf3sx9/M",
        "operationId": "",
        "gitType": "live",
        "loggingKey": "816dc8d6-0abb-403a-b0e0-e79a66245b82"
    },
    "additionalInfo": {
        "selectedResource": "df_process_customers",
        "selectedResourceType": "dataflow",
        "dataFlowSessionId": "736286a7-d233-4762-9174-ce2d96d429f4"
    }
}