{
    "name": "df_process_customers",
    "properties": {
        "type": "MappingDataFlow",
        "typeProperties": {
            "sources": [
                {
                    "dataset": {
                        "referenceName": "ds_lake_customers",
                        "type": "DatasetReference"
                    },
                    "name": "Customers"
                }
            ],
            "sinks": [
                {
                    "dataset": {
                        "referenceName": "ds_lake_processed_customers",
                        "type": "DatasetReference"
                    },
                    "name": "sink"
                }
            ],
            "transformations": [
                {
                    "name": "derivedColumn"
                },
                {
                    "name": "conditionalSplit"
                },
                {
                    "name": "select"
                }
            ],
            "scriptLines": [
                "source(output(",
                "          customer_id as short,",
                "          customer_name as string,",
                "          region as string,",
                "          signup_date as date 'yyyy-MM-dd'",
                "     ),",
                "     allowSchemaDrift: true,",
                "     validateSchema: false,",
                "     ignoreNoFilesFound: false) ~> Customers",
                "Customers derive(signup_month = toString(signup_date, 'MMM'),",
                "          signup_year = year(signup_date),",
                "          {loyalty_status } = iif(signup_date < toDate('2022-01-01'), 'Gold', 'Silver')) ~> derivedColumn",
                "derivedColumn split(!isNull(customer_id) && !isNull(customer_name),",
                "     disjoint: false) ~> conditionalSplit@(Customer, others)",
                "conditionalSplit@Customer select(mapColumn(",
                "          customer_id,",
                "          customer_name,",
                "          region,",
                "          signup_date,",
                "          signup_month,",
                "          signup_year,",
                "          {loyalty_status }",
                "     ),",
                "     skipDuplicateMapInputs: true,",
                "     skipDuplicateMapOutputs: true) ~> select",
                "select sink(allowSchemaDrift: true,",
                "     validateSchema: false,",
                "     umask: 0022,",
                "     preCommands: [],",
                "     postCommands: [],",
                "     skipDuplicateMapInputs: true,",
                "     skipDuplicateMapOutputs: true) ~> sink"
            ]
        }
    }
}