{"$schema":"http://schema.management.azure.com/schemas/2015-01-01/deploymentTemplate.json#","contentVersion":"1.0.0.0","parameters":{"factoryName":{"type":"string","metadata":"Data Factory name"},"LS_ADLS":{"type":"string"}},"variables":{"factoryId":"[concat('Microsoft.DataFactory/factories/', parameters('factoryName'))]"},"resources":[{"name":"[concat(parameters('factoryName'), '/ppl_process_products_data')]","type":"Microsoft.DataFactory/factories/pipelines","apiVersion":"2018-06-01","properties":{"activities":[{"name":"Data Transformation","type":"ExecuteDataFlow","dependsOn":[],"policy":{"timeout":"0.12:00:00","retry":0,"retryIntervalInSeconds":30,"secureOutput":false,"secureInput":false},"userProperties":[],"typeProperties":{"dataflow":{"referenceName":"df_process_products","type":"DataFlowReference","parameters":{},"datasetParameters":{"Products":{},"sink":{}}},"staging":{},"compute":{"coreCount":8,"computeType":"General"},"traceLevel":"Fine"}}],"policy":{"elapsedTimeMetric":{}},"variables":{"FileName":{"type":"String"}},"folder":{"name":"adf_projects"},"annotations":[],"lastPublishTime":"2025-07-27T17:27:58Z"},"dependsOn":["[concat(variables('factoryId'), '/dataflows/df_process_products')]"]},{"name":"[concat(parameters('factoryName'), '/df_process_products')]","type":"Microsoft.DataFactory/factories/dataflows","apiVersion":"2018-06-01","properties":{"type":"MappingDataFlow","typeProperties":{"sources":[{"dataset":{"referenceName":"ds_lake_products","type":"DatasetReference"},"name":"Products"}],"sinks":[{"dataset":{"referenceName":"ds_product_sink","type":"DatasetReference"},"name":"sink"}],"transformations":[{"name":"derivedColumnDataCleaning"},{"name":"filterRowsRemoveBadRecords"},{"name":"derivedColumnAddFlags"},{"name":"AddHashKey"}],"scriptLines":["source(output(","          product_id as string,","          product_name as string,","          category as string,","          unit_price as string","     ),","     allowSchemaDrift: true,","     validateSchema: false,","     ignoreNoFilesFound: false) ~> Products","Products derive(product_name = trim(product_name),","          category = trim(category),","          unit_price = toInteger(unit_price)) ~> derivedColumnDataCleaning","derivedColumnDataCleaning filter(!isNull(product_id) || !isNull(product_name) || unit_price >= 0) ~> filterRowsRemoveBadRecords","filterRowsRemoveBadRecords derive(product_flag = iif(unit_price > 500, 'High Value', 'Normal')) ~> derivedColumnAddFlags","derivedColumnAddFlags derive(product_hash = md5(toString(product_id) + product_name + category)) ~> AddHashKey","AddHashKey sink(allowSchemaDrift: true,","     validateSchema: false,","     umask: 0022,","     preCommands: [],","     postCommands: [],","     skipDuplicateMapInputs: true,","     skipDuplicateMapOutputs: true) ~> sink"]}},"dependsOn":["[concat(variables('factoryId'), '/datasets/ds_lake_products')]","[concat(variables('factoryId'), '/datasets/ds_product_sink')]"]},{"name":"[concat(parameters('factoryName'), '/ds_lake_products')]","type":"Microsoft.DataFactory/factories/datasets","apiVersion":"2018-06-01","properties":{"linkedServiceName":{"referenceName":"[parameters('LS_ADLS')]","type":"LinkedServiceReference"},"annotations":[],"type":"DelimitedText","typeProperties":{"location":{"type":"AzureBlobFSLocation","fileName":"products.csv","folderPath":"Raw-Data","fileSystem":"mycontainer"},"columnDelimiter":",","escapeChar":"\\","firstRowAsHeader":true,"quoteChar":"\""},"schema":[{"name":"product_id","type":"String"},{"name":"product_name","type":"String"},{"name":"category","type":"String"},{"name":"unit_price","type":"String"}]},"dependsOn":[]},{"name":"[concat(parameters('factoryName'), '/ds_product_sink')]","type":"Microsoft.DataFactory/factories/datasets","apiVersion":"2018-06-01","properties":{"linkedServiceName":{"referenceName":"[parameters('LS_ADLS')]","type":"LinkedServiceReference"},"annotations":[],"type":"DelimitedText","typeProperties":{"location":{"type":"AzureBlobFSLocation","folderPath":"Processed/Products","fileSystem":"mycontainer"},"columnDelimiter":",","escapeChar":"\\","firstRowAsHeader":true,"quoteChar":"\""},"schema":[]},"dependsOn":[]}]}