{
    "name": "ds_lake_customers",
    "properties": {
        "linkedServiceName": {
            "referenceName": "LS_ADLS",
            "type": "LinkedServiceReference"
        },
        "annotations": [],
        "type": "DelimitedText",
        "typeProperties": {
            "location": {
                "type": "AzureBlobFSLocation",
                "fileName": "customers.csv",
                "folderPath": "Raw-Data",
                "fileSystem": "mycontainer"
            },
            "columnDelimiter": ",",
            "escapeChar": "\\",
            "firstRowAsHeader": true,
            "quoteChar": "\""
        },
        "schema": [
            {
                "name": "customer_id",
                "type": "String"
            },
            {
                "name": "customer_name",
                "type": "String"
            },
            {
                "name": "region",
                "type": "String"
            },
            {
                "name": "signup_date",
                "type": "String"
            }
        ]
    }
}