{
    "name": "ds_lake_processed_customers",
    "properties": {
        "linkedServiceName": {
            "referenceName": "LS_ADLS",
            "type": "LinkedServiceReference"
        },
        "annotations": [],
        "type": "DelimitedText",
        "typeProperties": {
            "location": {
                "type": "AzureBlobFSLocation",
                "fileName": "Customers",
                "folderPath": "Processed/Customers",
                "fileSystem": "mycontainer"
            },
            "columnDelimiter": ",",
            "escapeChar": "\\",
            "firstRowAsHeader": true,
            "quoteChar": "\""
        },
        "schema": []
    }
}