{"$schema":"http://schema.management.azure.com/schemas/2015-01-01/deploymentTemplate.json#","contentVersion":"1.0.0.0","parameters":{"factoryName":{"type":"string","metadata":"Data Factory name"},"LS_ADLS":{"type":"string"},"LS_ADLSSQL":{"type":"string"}},"variables":{"factoryId":"[concat('Microsoft.DataFactory/factories/', parameters('factoryName'))]"},"resources":[{"name":"[concat(parameters('factoryName'), '/ppl_child_load_csvfiles_to_sql')]","type":"Microsoft.DataFactory/factories/pipelines","apiVersion":"2018-06-01","properties":{"activities":[{"name":"Get Metadata","type":"GetMetadata","dependsOn":[],"policy":{"timeout":"0.12:00:00","retry":0,"retryIntervalInSeconds":30,"secureOutput":false,"secureInput":false},"userProperties":[],"typeProperties":{"dataset":{"referenceName":"DS_GetCSVFiles","type":"DatasetReference","parameters":{"ParamFile":{"value":"@pipeline().parameters.paramData","type":"Expression"}}},"fieldList":["childItems"],"storeSettings":{"type":"AzureBlobFSReadSettings","recursive":true,"enablePartitionDiscovery":false},"formatSettings":{"type":"DelimitedTextReadSettings"}}},{"name":"Looping","type":"ForEach","dependsOn":[{"activity":"Get Metadata","dependencyConditions":["Succeeded"]}],"userProperties":[],"typeProperties":{"items":{"value":"@activity('Get Metadata').output.childItems","type":"Expression"},"isSequential":true,"activities":[{"name":"Set Files","type":"SetVariable","dependsOn":[],"policy":{"secureOutput":false,"secureInput":false},"userProperties":[],"typeProperties":{"variableName":"Files","value":{"value":"@item().name","type":"Expression"}}},{"name":"Copy data","type":"Copy","dependsOn":[{"activity":"Set Files","dependencyConditions":["Succeeded"]}],"policy":{"timeout":"0.12:00:00","retry":0,"retryIntervalInSeconds":30,"secureOutput":false,"secureInput":false},"userProperties":[],"typeProperties":{"source":{"type":"DelimitedTextSource","storeSettings":{"type":"AzureBlobFSReadSettings","recursive":true,"wildcardFolderPath":{"value":"@concat('Processed/',pipeline().parameters.paramData)","type":"Expression"},"wildcardFileName":"*.csv","enablePartitionDiscovery":false},"formatSettings":{"type":"DelimitedTextReadSettings"}},"sink":{"type":"AzureSqlSink","writeBehavior":"insert","sqlWriterUseTableLock":false,"tableOption":"autoCreate","disableMetricsCollection":false},"enableStaging":false,"translator":{"type":"TabularTranslator","typeConversion":true,"typeConversionSettings":{"allowDataTruncation":true,"treatBooleanAsNumber":false}}},"inputs":[{"referenceName":"DS_CSVSourceChild","type":"DatasetReference","parameters":{"paramFileName":{"value":"@variables('Files')","type":"Expression"}}}],"outputs":[{"referenceName":"DS_CSVFileChildSinkSQL","type":"DatasetReference","parameters":{"paramTableName":{"value":"@replace(variables('Files'), '.csv','')","type":"Expression"}}}]}]}}],"policy":{"elapsedTimeMetric":{}},"parameters":{"paramData":{"type":"string"}},"variables":{"Files":{"type":"String"}},"folder":{"name":"adf_projects"},"annotations":[],"lastPublishTime":"2025-07-27T19:19:10Z"},"dependsOn":["[concat(variables('factoryId'), '/datasets/DS_GetCSVFiles')]","[concat(variables('factoryId'), '/datasets/DS_CSVSourceChild')]","[concat(variables('factoryId'), '/datasets/DS_CSVFileChildSinkSQL')]"]},{"name":"[concat(parameters('factoryName'), '/DS_GetCSVFiles')]","type":"Microsoft.DataFactory/factories/datasets","apiVersion":"2018-06-01","properties":{"linkedServiceName":{"referenceName":"[parameters('LS_ADLS')]","type":"LinkedServiceReference"},"parameters":{"ParamFile":{"type":"string"}},"annotations":[],"type":"DelimitedText","typeProperties":{"location":{"type":"AzureBlobFSLocation","folderPath":{"value":"@concat('Processed/',dataset().ParamFile)","type":"Expression"},"fileSystem":"mycontainer"},"columnDelimiter":",","escapeChar":"\\","firstRowAsHeader":true,"quoteChar":"\""},"schema":[{"name":"customer_id","type":"String"},{"name":"customer_name","type":"String"},{"name":"region","type":"String"},{"name":"signup_date","type":"String"},{"name":"signup_month","type":"String"},{"name":"signup_year","type":"String"},{"name":"loyalty_status ","type":"String"}]},"dependsOn":[]},{"name":"[concat(parameters('factoryName'), '/DS_CSVSourceChild')]","type":"Microsoft.DataFactory/factories/datasets","apiVersion":"2018-06-01","properties":{"linkedServiceName":{"referenceName":"[parameters('LS_ADLS')]","type":"LinkedServiceReference"},"parameters":{"paramFileName":{"type":"string"}},"annotations":[],"type":"DelimitedText","typeProperties":{"location":{"type":"AzureBlobFSLocation","fileName":{"value":"@dataset().paramFileName","type":"Expression"},"folderPath":"Processed","fileSystem":"mycontainer"},"columnDelimiter":",","escapeChar":"\\","firstRowAsHeader":true,"quoteChar":"\""},"schema":[{"name":"customer_id","type":"String"},{"name":"customer_name","type":"String"},{"name":"region","type":"String"},{"name":"signup_date","type":"String"},{"name":"signup_month","type":"String"},{"name":"signup_year","type":"String"},{"name":"loyalty_status ","type":"String"}]},"dependsOn":[]},{"name":"[concat(parameters('factoryName'), '/DS_CSVFileChildSinkSQL')]","type":"Microsoft.DataFactory/factories/datasets","apiVersion":"2018-06-01","properties":{"linkedServiceName":{"referenceName":"[parameters('LS_ADLSSQL')]","type":"LinkedServiceReference"},"parameters":{"paramTableName":{"type":"string"}},"annotations":[],"type":"AzureSqlTable","schema":[],"typeProperties":{"schema":"dbo","table":{"value":"@dataset().paramTableName","type":"Expression"}}},"dependsOn":[]}]}