{"$schema":"http://schema.management.azure.com/schemas/2015-01-01/deploymentTemplate.json#","contentVersion":"1.0.0.0","parameters":{"factoryName":{"type":"string","metadata":"Data Factory name"},"LS_ADLS":{"type":"string"}},"variables":{"factoryId":"[concat('Microsoft.DataFactory/factories/', parameters('factoryName'))]"},"resources":[{"name":"[concat(parameters('factoryName'), '/ppl_transform_sales_data')]","type":"Microsoft.DataFactory/factories/pipelines","apiVersion":"2018-06-01","properties":{"activities":[{"name":"Data Transformation","type":"ExecuteDataFlow","dependsOn":[],"policy":{"timeout":"0.12:00:00","retry":0,"retryIntervalInSeconds":30,"secureOutput":false,"secureInput":false},"userProperties":[],"typeProperties":{"dataflow":{"referenceName":"df_sales_enriched","type":"DataFlowReference","parameters":{},"datasetParameters":{"Sales":{},"Customers":{},"Products":{},"sink":{}}},"staging":{},"compute":{"coreCount":8,"computeType":"General"},"traceLevel":"Fine"}}],"policy":{"elapsedTimeMetric":{}},"variables":{"FileName":{"type":"String"}},"folder":{"name":"adf_projects"},"annotations":[],"lastPublishTime":"2025-07-27T13:35:58Z"},"dependsOn":["[concat(variables('factoryId'), '/dataflows/df_sales_enriched')]"]},{"name":"[concat(parameters('factoryName'), '/df_sales_enriched')]","type":"Microsoft.DataFactory/factories/dataflows","apiVersion":"2018-06-01","properties":{"type":"MappingDataFlow","typeProperties":{"sources":[{"dataset":{"referenceName":"ds_lake_sales","type":"DatasetReference"},"name":"Sales"},{"dataset":{"referenceName":"ds_lake_customers","type":"DatasetReference"},"name":"Customers"},{"dataset":{"referenceName":"ds_lake_products","type":"DatasetReference"},"name":"Products"}],"sinks":[{"dataset":{"referenceName":"DS_SalesOutputSink","type":"DatasetReference"},"name":"sink"}],"transformations":[{"name":"SalesCustomerJoin"},{"name":"SalesCustProdJoin"},{"name":"totalPrice"},{"name":"selectColumn"}],"scriptLines":["source(output(","          sale_id as string,","          customer_id as string,","          product_id as string,","          quantity as string,","          sale_date as string","     ),","     allowSchemaDrift: true,","     validateSchema: false,","     ignoreNoFilesFound: false) ~> Sales","source(output(","          customer_id as string,","          customer_name as string,","          region as string,","          signup_date as string","     ),","     allowSchemaDrift: true,","     validateSchema: false,","     ignoreNoFilesFound: false) ~> Customers","source(output(","          product_id as string,","          product_name as string,","          category as string,","          unit_price as string","     ),","     allowSchemaDrift: true,","     validateSchema: false,","     ignoreNoFilesFound: false) ~> Products","Sales, Customers join(Sales@customer_id == Customers@customer_id,","     joinType:'inner',","     matchType:'exact',","     ignoreSpaces: false,","     broadcast: 'auto')~> SalesCustomerJoin","SalesCustomerJoin, Products join(Sales@product_id == Products@product_id,","     joinType:'inner',","     matchType:'exact',","     ignoreSpaces: false,","     broadcast: 'auto')~> SalesCustProdJoin","SalesCustProdJoin derive(total_price = toInteger(quantity) * toInteger(unit_price)) ~> totalPrice","totalPrice select(mapColumn(","          customer_name,","          product_name,","          region,","          quantity,","          sale_date,","          category,","          total_price","     ),","     skipDuplicateMapInputs: true,","     skipDuplicateMapOutputs: true) ~> selectColumn","selectColumn sink(allowSchemaDrift: true,","     validateSchema: false,","     umask: 0022,","     preCommands: [],","     postCommands: [],","     skipDuplicateMapInputs: true,","     skipDuplicateMapOutputs: true) ~> sink"]}},"dependsOn":["[concat(variables('factoryId'), '/datasets/ds_lake_sales')]","[concat(variables('factoryId'), '/datasets/ds_lake_customers')]","[concat(variables('factoryId'), '/datasets/ds_lake_products')]","[concat(variables('factoryId'), '/datasets/DS_SalesOutputSink')]"]},{"name":"[concat(parameters('factoryName'), '/ds_lake_sales')]","type":"Microsoft.DataFactory/factories/datasets","apiVersion":"2018-06-01","properties":{"linkedServiceName":{"referenceName":"[parameters('LS_ADLS')]","type":"LinkedServiceReference"},"annotations":[],"type":"DelimitedText","typeProperties":{"location":{"type":"AzureBlobFSLocation","fileName":"sales.csv","folderPath":"Raw-Data","fileSystem":"mycontainer"},"columnDelimiter":",","escapeChar":"\\","firstRowAsHeader":true,"quoteChar":"\""},"schema":[{"name":"sale_id","type":"String"},{"name":"customer_id","type":"String"},{"name":"product_id","type":"String"},{"name":"quantity","type":"String"},{"name":"sale_date","type":"String"}]},"dependsOn":[]},{"name":"[concat(parameters('factoryName'), '/ds_lake_customers')]","type":"Microsoft.DataFactory/factories/datasets","apiVersion":"2018-06-01","properties":{"linkedServiceName":{"referenceName":"[parameters('LS_ADLS')]","type":"LinkedServiceReference"},"annotations":[],"type":"DelimitedText","typeProperties":{"location":{"type":"AzureBlobFSLocation","fileName":"customers.csv","folderPath":"Raw-Data","fileSystem":"mycontainer"},"columnDelimiter":",","escapeChar":"\\","firstRowAsHeader":true,"quoteChar":"\""},"schema":[{"name":"customer_id","type":"String"},{"name":"customer_name","type":"String"},{"name":"region","type":"String"},{"name":"signup_date","type":"String"}]},"dependsOn":[]},{"name":"[concat(parameters('factoryName'), '/ds_lake_products')]","type":"Microsoft.DataFactory/factories/datasets","apiVersion":"2018-06-01","properties":{"linkedServiceName":{"referenceName":"[parameters('LS_ADLS')]","type":"LinkedServiceReference"},"annotations":[],"type":"DelimitedText","typeProperties":{"location":{"type":"AzureBlobFSLocation","fileName":"products.csv","folderPath":"Raw-Data","fileSystem":"mycontainer"},"columnDelimiter":",","escapeChar":"\\","firstRowAsHeader":true,"quoteChar":"\""},"schema":[{"name":"product_id","type":"String"},{"name":"product_name","type":"String"},{"name":"category","type":"String"},{"name":"unit_price","type":"String"}]},"dependsOn":[]},{"name":"[concat(parameters('factoryName'), '/DS_SalesOutputSink')]","type":"Microsoft.DataFactory/factories/datasets","apiVersion":"2018-06-01","properties":{"linkedServiceName":{"referenceName":"[parameters('LS_ADLS')]","type":"LinkedServiceReference"},"annotations":[],"type":"DelimitedText","typeProperties":{"location":{"type":"AzureBlobFSLocation","fileName":"Sales","folderPath":"Processed/Sales","fileSystem":"mycontainer"},"columnDelimiter":",","escapeChar":"\\","firstRowAsHeader":true,"quoteChar":"\""},"schema":[]},"dependsOn":[]}]}