{"$schema":"http://schema.management.azure.com/schemas/2015-01-01/deploymentTemplate.json#","contentVersion":"1.0.0.0","parameters":{"factoryName":{"type":"string","metadata":"Data Factory name"},"LS_LOCALFILE":{"type":"string"},"LS_ADLS":{"type":"string"}},"variables":{"factoryId":"[concat('Microsoft.DataFactory/factories/', parameters('factoryName'))]"},"resources":[{"name":"[concat(parameters('factoryName'), '/pplRetailSalesAnalyticsETLUsingADF')]","type":"Microsoft.DataFactory/factories/pipelines","apiVersion":"2018-06-01","properties":{"activities":[{"name":"Get Metadata fom Local system","type":"GetMetadata","dependsOn":[],"policy":{"timeout":"0.12:00:00","retry":0,"retryIntervalInSeconds":30,"secureOutput":false,"secureInput":false},"userProperties":[],"typeProperties":{"dataset":{"referenceName":"DS_CSVFromLocalFile","type":"DatasetReference","parameters":{}},"fieldList":["childItems"],"storeSettings":{"type":"FileServerReadSettings","enablePartitionDiscovery":false},"formatSettings":{"type":"DelimitedTextReadSettings"}}},{"name":"Looping","type":"ForEach","dependsOn":[{"activity":"Get Metadata fom Local system","dependencyConditions":["Succeeded"]}],"userProperties":[],"typeProperties":{"items":{"value":"@activity('Get Metadata fom Local system').output.childItems","type":"Expression"},"isSequential":true,"activities":[{"name":"Set File","type":"SetVariable","dependsOn":[],"policy":{"secureOutput":false,"secureInput":false},"userProperties":[],"typeProperties":{"variableName":"FileName","value":{"value":"@item().name","type":"Expression"}}},{"name":"Copy data from Local to ADLS","type":"Copy","dependsOn":[{"activity":"Set File","dependencyConditions":["Succeeded"]}],"policy":{"timeout":"0.12:00:00","retry":0,"retryIntervalInSeconds":30,"secureOutput":false,"secureInput":false},"userProperties":[],"typeProperties":{"source":{"type":"DelimitedTextSource","storeSettings":{"type":"FileServerReadSettings","recursive":true,"enablePartitionDiscovery":false},"formatSettings":{"type":"DelimitedTextReadSettings"}},"sink":{"type":"DelimitedTextSink","storeSettings":{"type":"AzureBlobFSWriteSettings"},"formatSettings":{"type":"DelimitedTextWriteSettings","quoteAllText":true,"fileExtension":".txt"}},"enableStaging":false,"translator":{"type":"TabularTranslator","typeConversion":true,"typeConversionSettings":{"allowDataTruncation":true,"treatBooleanAsNumber":false}}},"inputs":[{"referenceName":"DS_CSVCopyDataFromLocalFiletoADLS","type":"DatasetReference","parameters":{"paramFileName":{"value":"@variables('FileName')","type":"Expression"}}}],"outputs":[{"referenceName":"DS_CSVCopyDataFromLocalFiletoADLSSink","type":"DatasetReference","parameters":{}}]}]}}],"policy":{"elapsedTimeMetric":{}},"variables":{"FileName":{"type":"String"}},"folder":{"name":"adf_projects"},"annotations":[]},"dependsOn":["[concat(variables('factoryId'), '/datasets/DS_CSVFromLocalFile')]","[concat(variables('factoryId'), '/datasets/DS_CSVCopyDataFromLocalFiletoADLS')]","[concat(variables('factoryId'), '/datasets/DS_CSVCopyDataFromLocalFiletoADLSSink')]"]},{"name":"[concat(parameters('factoryName'), '/DS_CSVFromLocalFile')]","type":"Microsoft.DataFactory/factories/datasets","apiVersion":"2018-06-01","properties":{"linkedServiceName":{"referenceName":"[parameters('LS_LOCALFILE')]","type":"LinkedServiceReference"},"annotations":[],"type":"DelimitedText","typeProperties":{"location":{"type":"FileServerLocation","folderPath":"Users/Admin/Downloads/Row"},"columnDelimiter":",","escapeChar":"\\","firstRowAsHeader":true,"quoteChar":"\""},"schema":[{"name":"customer_id","type":"String"},{"name":"customer_name","type":"String"},{"name":"region","type":"String"},{"name":"signup_date","type":"String"}]},"dependsOn":[]},{"name":"[concat(parameters('factoryName'), '/DS_CSVCopyDataFromLocalFiletoADLS')]","type":"Microsoft.DataFactory/factories/datasets","apiVersion":"2018-06-01","properties":{"linkedServiceName":{"referenceName":"[parameters('LS_LOCALFILE')]","type":"LinkedServiceReference"},"parameters":{"paramFileName":{"type":"string"}},"annotations":[],"type":"DelimitedText","typeProperties":{"location":{"type":"FileServerLocation","fileName":{"value":"@dataset().paramFileName","type":"Expression"},"folderPath":"Users/Admin/Downloads/Row"},"columnDelimiter":",","escapeChar":"\\","firstRowAsHeader":true,"quoteChar":"\""},"schema":[{"name":"customer_id","type":"String"},{"name":"customer_name","type":"String"},{"name":"region","type":"String"},{"name":"signup_date","type":"String"}]},"dependsOn":[]},{"name":"[concat(parameters('factoryName'), '/DS_CSVCopyDataFromLocalFiletoADLSSink')]","type":"Microsoft.DataFactory/factories/datasets","apiVersion":"2018-06-01","properties":{"linkedServiceName":{"referenceName":"[parameters('LS_ADLS')]","type":"LinkedServiceReference"},"annotations":[],"type":"DelimitedText","typeProperties":{"location":{"type":"AzureBlobFSLocation","folderPath":"Raw-Data","fileSystem":"mycontainer"},"columnDelimiter":",","escapeChar":"\\","firstRowAsHeader":true,"quoteChar":"\""},"schema":[]},"dependsOn":[]}]}