{"$schema":"http://schema.management.azure.com/schemas/2015-01-01/deploymentTemplate.json#","contentVersion":"1.0.0.0","parameters":{"factoryName":{"type":"string","metadata":"Data Factory name"},"LS_ADLS":{"type":"string"}},"variables":{"factoryId":"[concat('Microsoft.DataFactory/factories/', parameters('factoryName'))]"},"resources":[{"name":"[concat(parameters('factoryName'), '/ppl_process_customers_data')]","type":"Microsoft.DataFactory/factories/pipelines","apiVersion":"2018-06-01","properties":{"activities":[{"name":"Data Transformation","type":"ExecuteDataFlow","dependsOn":[],"policy":{"timeout":"0.12:00:00","retry":0,"retryIntervalInSeconds":30,"secureOutput":false,"secureInput":false},"userProperties":[],"typeProperties":{"dataflow":{"referenceName":"df_process_customers","type":"DataFlowReference","parameters":{},"datasetParameters":{"Customers":{},"sink":{}},"linkedServiceParameters":{}},"staging":{},"compute":{"coreCount":8,"computeType":"General"},"traceLevel":"Fine"}}],"policy":{"elapsedTimeMetric":{}},"variables":{"FileName":{"type":"String"}},"folder":{"name":"adf_projects"},"annotations":[]},"dependsOn":["[concat(variables('factoryId'), '/dataflows/df_process_customers')]"]},{"name":"[concat(parameters('factoryName'), '/df_process_customers')]","type":"Microsoft.DataFactory/factories/dataflows","apiVersion":"2018-06-01","properties":{"type":"MappingDataFlow","typeProperties":{"sources":[{"dataset":{"referenceName":"ds_lake_customers","type":"DatasetReference"},"name":"Customers"}],"sinks":[{"dataset":{"referenceName":"ds_lake_processed_customers","type":"DatasetReference"},"name":"sink"}],"transformations":[{"name":"derivedColumn"},{"name":"conditionalSplit"},{"name":"select"}],"scriptLines":["source(output(","          customer_id as short,","          customer_name as string,","          region as string,","          signup_date as date 'yyyy-MM-dd'","     ),","     allowSchemaDrift: true,","     validateSchema: false,","     ignoreNoFilesFound: false) ~> Customers","Customers derive(signup_month = toString(signup_date, 'MMM'),","          signup_year = year(signup_date),","          {loyalty_status } = iif(signup_date < toDate('2022-01-01'), 'Gold', 'Silver')) ~> derivedColumn","derivedColumn split(!isNull(customer_id) && !isNull(customer_name),","     disjoint: false) ~> conditionalSplit@(Customer, others)","conditionalSplit@Customer select(mapColumn(","          customer_id,","          customer_name,","          region,","          signup_date,","          signup_month,","          signup_year,","          {loyalty_status }","     ),","     skipDuplicateMapInputs: true,","     skipDuplicateMapOutputs: true) ~> select","select sink(allowSchemaDrift: true,","     validateSchema: false,","     umask: 0022,","     preCommands: [],","     postCommands: [],","     skipDuplicateMapInputs: true,","     skipDuplicateMapOutputs: true) ~> sink"]}},"dependsOn":["[concat(variables('factoryId'), '/datasets/ds_lake_customers')]","[concat(variables('factoryId'), '/datasets/ds_lake_processed_customers')]"]},{"name":"[concat(parameters('factoryName'), '/ds_lake_customers')]","type":"Microsoft.DataFactory/factories/datasets","apiVersion":"2018-06-01","properties":{"linkedServiceName":{"referenceName":"[parameters('LS_ADLS')]","type":"LinkedServiceReference"},"annotations":[],"type":"DelimitedText","typeProperties":{"location":{"type":"AzureBlobFSLocation","fileName":"customers.csv","folderPath":"Raw-Data","fileSystem":"mycontainer"},"columnDelimiter":",","escapeChar":"\\","firstRowAsHeader":true,"quoteChar":"\""},"schema":[{"name":"customer_id","type":"String"},{"name":"customer_name","type":"String"},{"name":"region","type":"String"},{"name":"signup_date","type":"String"}]},"dependsOn":[]},{"name":"[concat(parameters('factoryName'), '/ds_lake_processed_customers')]","type":"Microsoft.DataFactory/factories/datasets","apiVersion":"2018-06-01","properties":{"linkedServiceName":{"referenceName":"[parameters('LS_ADLS')]","type":"LinkedServiceReference"},"annotations":[],"type":"DelimitedText","typeProperties":{"location":{"type":"AzureBlobFSLocation","fileName":"Customers","folderPath":"Processed/Customers","fileSystem":"mycontainer"},"columnDelimiter":",","escapeChar":"\\","firstRowAsHeader":true,"quoteChar":"\""},"schema":[]},"dependsOn":[]}]}